Time (s),Angle (deg),Torque (Nm),Cycle
0.000000,9.800000,-0.010018,1
0.100000,9.800000,-0.010018,1
0.200000,9.800000,0.010935,1
